Date,Time,Pair,Setup_Trigger,Confluence_Grade,Weekly_Bias,Entry_Price,Lot_Size,Account_Balance,Risk_Allocation,Stop_Loss,Take_Profit,Risk_Reward_Ratio,News_Volatility,Pips_Made,Net_Money_Profit,AI_Vision_Image_Link
2026-09-17,13:29:31,GOLD,"🚨 FORCED LIVE JOURNAL DATA STREAM ACTIVE","👑 GRADE AAA+ [MAX STRENGTH]","📡 NEUTRAL",4328.09,0.5,1000.00,10%,4326.09,4332.09,"1:2","⚠️ HIGH VOLATILITY IMPACT DATA ALERT",50.0,0.00,"ai_vision_matrix.png"
2026-09-17,13:29:36,GOLD,"🚨 FORCED LIVE JOURNAL DATA STREAM ACTIVE","👑 GRADE AAA+ [MAX STRENGTH]","📡 NEUTRAL",4328.08,0.5,1000.00,10%,4326.08,4332.08,"1:2","⚠️ HIGH VOLATILITY IMPACT DATA ALERT",50.0,0.00,"ai_vision_matrix.png"
2026-09-17,13:29:41,GOLD,"🚨 FORCED LIVE JOURNAL DATA STREAM ACTIVE","👑 GRADE AAA+ [MAX STRENGTH]","📡 NEUTRAL",4328.15,0.5,1000.00,10%,4326.15,4332.15,"1:2","⚠️ HIGH VOLATILITY IMPACT DATA ALERT",50.0,0.00,"ai_vision_matrix.png"
2026-09-17,13:29:46,GOLD,"🚨 FORCED LIVE JOURNAL DATA STREAM ACTIVE","👑 GRADE AAA+ [MAX STRENGTH]","📡 NEUTRAL",4328.40,0.5,1000.00,10%,4326.40,4332.40,"1:2","⚠️ HIGH VOLATILITY IMPACT DATA ALERT",50.0,0.00,"ai_vision_matrix.png"
2026-09-17,13:29:51,GOLD,"🚨 FORCED LIVE JOURNAL DATA STREAM ACTIVE","👑 GRADE AAA+ [MAX STRENGTH]","📡 NEUTRAL",4328.48,0.5,1000.00,10%,4326.48,4332.48,"1:2","⚠️ HIGH VOLATILITY IMPACT DATA ALERT",50.0,0.00,"ai_vision_matrix.png"
2026-09-17,13:29:56,GOLD,"🚨 FORCED LIVE JOURNAL DATA STREAM ACTIVE","👑 GRADE AAA+ [MAX STRENGTH]","📡 NEUTRAL",4328.54,0.5,1000.00,10%,4326.54,4332.54,"1:2","⚠️ HIGH VOLATILITY IMPACT DATA ALERT",50.0,0.00,"ai_vision_matrix.png"
2026-09-17,13:30:02,GOLD,"🚨 FORCED LIVE JOURNAL DATA STREAM ACTIVE","👑 GRADE AAA+ [MAX STRENGTH]","📡 NEUTRAL",4328.43,0.5,1000.00,10%,4326.43,4332.43,"1:2","⚠️ HIGH VOLATILITY IMPACT DATA ALERT",50.0,0.00,"ai_vision_matrix.png"
2026-09-17,13:30:07,GOLD,"🚨 FORCED LIVE JOURNAL DATA STREAM ACTIVE","👑 GRADE AAA+ [MAX STRENGTH]","📡 NEUTRAL",4328.29,0.5,1000.00,10%,4326.29,4332.29,"1:2","⚠️ HIGH VOLATILITY IMPACT DATA ALERT",50.0,0.00,"ai_vision_matrix.png"
2026-09-17,13:30:12,GOLD,"🚨 FORCED LIVE JOURNAL DATA STREAM ACTIVE","👑 GRADE AAA+ [MAX STRENGTH]","📡 NEUTRAL",4327.69,0.5,1000.00,10%,4325.69,4331.69,"1:2","⚠️ HIGH VOLATILITY IMPACT DATA ALERT",50.0,0.00,"ai_vision_matrix.png"
2026-09-17,13:30:17,GOLD,"🚨 FORCED LIVE JOURNAL DATA STREAM ACTIVE","👑 GRADE AAA+ [MAX STRENGTH]","📡 NEUTRAL",4328.49,0.5,1000.00,10%,4326.49,4332.49,"1:2","⚠️ HIGH VOLATILITY IMPACT DATA ALERT",50.0,0.00,"ai_vision_matrix.png"
2026-09-17,13:30:22,GOLD,"🚨 FORCED LIVE JOURNAL DATA STREAM ACTIVE","👑 GRADE AAA+ [MAX STRENGTH]","📡 NEUTRAL",4327.73,0.5,1000.00,10%,4325.73,4331.73,"1:2","⚠️ HIGH VOLATILITY IMPACT DATA ALERT",50.0,0.00,"ai_vision_matrix.png"
2026-09-17,13:30:27,GOLD,"🚨 FORCED LIVE JOURNAL DATA STREAM ACTIVE","👑 GRADE AAA+ [MAX STRENGTH]","📡 NEUTRAL",4328.14,0.5,1000.00,10%,4326.14,4332.14,"1:2","⚠️ HIGH VOLATILITY IMPACT DATA ALERT",50.0,0.00,"ai_vision_matrix.png"
2026-09-17,13:30:32,GOLD,"🚨 FORCED LIVE JOURNAL DATA STREAM ACTIVE","👑 GRADE AAA+ [MAX STRENGTH]","📡 NEUTRAL",4328.11,0.5,1000.00,10%,4326.11,4332.11,"1:2","⚠️ HIGH VOLATILITY IMPACT DATA ALERT",50.0,0.00,"ai_vision_matrix.png"
2026-09-17,13:30:37,GOLD,"🚨 FORCED LIVE JOURNAL DATA STREAM ACTIVE","👑 GRADE AAA+ [MAX STRENGTH]","📡 NEUTRAL",4327.89,0.5,1000.00,10%,4325.89,4331.89,"1:2","⚠️ HIGH VOLATILITY IMPACT DATA ALERT",50.0,0.00,"ai_vision_matrix.png"
2026-09-17,13:30:42,GOLD,"🚨 FORCED LIVE JOURNAL DATA STREAM ACTIVE","👑 GRADE AAA+ [MAX STRENGTH]","📡 NEUTRAL",4327.81,0.5,1000.00,10%,4325.81,4331.81,"1:2","⚠️ HIGH VOLATILITY IMPACT DATA ALERT",50.0,0.00,"ai_vision_matrix.png"
2026-09-17,13:30:47,GOLD,"🚨 FORCED LIVE JOURNAL DATA STREAM ACTIVE","👑 GRADE AAA+ [MAX STRENGTH]","📡 NEUTRAL",4328.14,0.5,1000.00,10%,4326.14,4332.14,"1:2","⚠️ HIGH VOLATILITY IMPACT DATA ALERT",50.0,0.00,"ai_vision_matrix.png"
2026-09-17,13:30:52,GOLD,"🚨 FORCED LIVE JOURNAL DATA STREAM ACTIVE","👑 GRADE AAA+ [MAX STRENGTH]","📡 NEUTRAL",4327.41,0.5,1000.00,10%,4325.41,4331.41,"1:2","⚠️ HIGH VOLATILITY IMPACT DATA ALERT",50.0,0.00,"ai_vision_matrix.png"
2026-09-17,13:30:57,GOLD,"🚨 FORCED LIVE JOURNAL DATA STREAM ACTIVE","👑 GRADE AAA+ [MAX STRENGTH]","📡 NEUTRAL",4327.28,0.5,1000.00,10%,4325.28,4331.28,"1:2","⚠️ HIGH VOLATILITY IMPACT DATA ALERT",50.0,0.00,"ai_vision_matrix.png"
2026-09-17,13:31:02,GOLD,"🚨 FORCED LIVE JOURNAL DATA STREAM ACTIVE","👑 GRADE AAA+ [MAX STRENGTH]","📡 NEUTRAL",4326.77,0.5,1000.00,10%,4324.77,4330.77,"1:2","⚠️ HIGH VOLATILITY IMPACT DATA ALERT",50.0,0.00,"ai_vision_matrix.png"
2026-09-17,13:31:07,GOLD,"🚨 FORCED LIVE JOURNAL DATA STREAM ACTIVE","👑 GRADE AAA+ [MAX STRENGTH]","📡 NEUTRAL",4326.79,0.5,1000.00,10%,4324.79,4330.79,"1:2","⚠️ HIGH VOLATILITY IMPACT DATA ALERT",50.0,0.00,"ai_vision_matrix.png"
2026-09-17,13:31:12,GOLD,"🚨 FORCED LIVE JOURNAL DATA STREAM ACTIVE","👑 GRADE AAA+ [MAX STRENGTH]","📡 NEUTRAL",4327.26,0.5,1000.00,10%,4325.26,4331.26,"1:2","⚠️ HIGH VOLATILITY IMPACT DATA ALERT",50.0,0.00,"ai_vision_matrix.png"
2026-09-17,13:31:17,GOLD,"🚨 FORCED LIVE JOURNAL DATA STREAM ACTIVE","👑 GRADE AAA+ [MAX STRENGTH]","📡 NEUTRAL",4327.40,0.5,1000.00,10%,4325.40,4331.40,"1:2","⚠️ HIGH VOLATILITY IMPACT DATA ALERT",50.0,0.00,"ai_vision_matrix.png"
2026-09-17,13:31:22,GOLD,"🚨 FORCED LIVE JOURNAL DATA STREAM ACTIVE","👑 GRADE AAA+ [MAX STRENGTH]","📡 NEUTRAL",4327.21,0.5,1000.00,10%,4325.21,4331.21,"1:2","⚠️ HIGH VOLATILITY IMPACT DATA ALERT",50.0,0.00,"ai_vision_matrix.png"
2026-09-17,13:31:28,GOLD,"🚨 FORCED LIVE JOURNAL DATA STREAM ACTIVE","👑 GRADE AAA+ [MAX STRENGTH]","📡 NEUTRAL",4327.06,0.5,1000.00,10%,4325.06,4331.06,"1:2","⚠️ HIGH VOLATILITY IMPACT DATA ALERT",50.0,0.00,"ai_vision_matrix.png"
